name,contact_person,phone,mobile_alt,email,location,active_listings,qualified,oglasnik_profil,website,status,notes
QUEEN STELA d.o.o.,,+385981310346,+385 976810086 (NOVI),,,105,true,https://www.njuskalo.hr/agencija/queenstela,,Considering,Prvo probaj ALT number ako nece onda Stelu
Vira Nekretnine,,+385 95 845 9894,,info@viranekretnine.hr,Kačićeva ulica 22 10000 - Zagreb,64,true,https://www.nekretnine.hr/agencije-nekretnina/97229/,https://www.viranekretnine.hr,Declined,
SARAS REAL ESTATE d.o.o.,,+3850992222992,,ante.sirovina97@gmail.com,Trnjanska cesta 67 10000 - Zagreb,161,true,https://www.nekretnine.hr/agencije-nekretnina/96653/,https://www.sarasrealestate.hr/,Declined,Ovo je jedini broj sto imaju svuda
Permoveo d.o.o.,,+385 091 631 2007,,info@permoveo-nekretnine.hr,Gradišćanska ulica 30 10000 - Zagreb,10,true,https://www.nekretnine.hr/agencije-nekretnina/94963/,https://permoveo-nekretnine.hr/,Not Contacted,
Viana nekretnine d.o.o.,,+385 099 228 1882,,,Ulica Roberta Frangeša Mihanovića 9 10110 - Zagreb,28,true,https://www.nekretnine.hr/agencije-nekretnina/96583/,,Not Contacted,
LIVE IN,,+385 095 233 8512,,,"Kušlanova ulica, 2, Zagreb Hrvatska, 10000 2 10123 - Zagreb",19,true,https://www.nekretnine.hr/agencije-nekretnina/96471/,https://livein.hr/,Not Contacted,
Alitora,,+385 95 507 1076,,varga@alitora.hr,Horvaćanska cesta 31 10104 - Zagreb,25,true,https://www.nekretnine.hr/agencije-nekretnina/96761/,https://alitora.hr,Not Contacted,
Elian nekretnine,,+385 098 763 665,,,Donje Svetice 79C 10135 - Zagreb,22,true,https://www.nekretnine.hr/agencije-nekretnina/96631/,,Not Contacted,
PBZ card doo,,+385 1 6363 630,,info@pbz-nekretnine.hr,Radnička cesta 42 10000 - Zagreb,42,true,https://www.nekretnine.hr/agencije-nekretnina/94255/,https://www.pbz-nekretnine.hr,Not Contacted,
Com4t Solutions Nekretnine,,+385 95 457 2772,,info@com4tsolutions.hr,"Gornje Padine, 32, Zagreb Hrvatska, 10090 32 10090 - Zagreb",49,true,https://www.nekretnine.hr/agencije-nekretnina/96171/,https://com4tsolutions.hr/,Not Contacted,
La Mar nekretnine,,+385919889576,,,Ulica Nikole Tesle 14/1 10000 - Zagreb,145,true,https://www.nekretnine.hr/agencije-nekretnina/95443/,https://lamar-nekretnine.hr/hr/,Not Contacted,[Was 'Follow Up' in old Notion tracker] Zovemo 16.9.
My Croatia Realestate,,+385912557341,,,,5,false,https://www.njuskalo.hr/agencija/mycroatiarealestate,,Not Contacted,
FAN NEKRETNINE,,+385922711079,,,,20,false,https://www.njuskalo.hr/agencija/agencijazanekretnina,,Not Contacted,
Stan Grad Immobilien,,+385925068233,,,,26,false,https://www.njuskalo.hr/agencija/stan-grad,,Not Contacted,
Lipa Nekretnine,,+385915676716,+385992131301,,,318,false,https://www.njuskalo.hr/agencija/lipanekretnine,,Not Contacted,"Svi telefoni: +385915676716, +385992131301"
LuVano Homes nekretnine,,+385991908686,,,,27,false,https://www.njuskalo.hr/agencija/luvano-homes,,Not Contacted,
Kristal nekretnine d.o.o.,,+385914303300,+385912345607,,,78,false,https://www.njuskalo.hr/agencija/kristal-nekretnine,,Not Contacted,"Svi telefoni: +385914303300, +385912345607"
Victus Nekretnine,,+385951988794,,,,241,false,https://www.njuskalo.hr/agencija/victus-nekretnine,,Not Contacted,
Nelmar Nekretnine,,+385989853115,,,,45,false,https://www.njuskalo.hr/agencija/nelmarnekretnine,,Not Contacted,
Oaza Agencija za promet nekretninama,,+38598419441,,,,60,false,https://www.njuskalo.hr/agencija/oaza-nekretnine,,Not Contacted,
Immobilia,,+385981816005,+385989945825,,,61,false,https://www.njuskalo.hr/agencija/immobilia-pula-nekretnine,,Not Contacted,"Svi telefoni: +385981816005, +385989945825"
Niteo nekretnine,,+385989066393,,,,511,false,https://www.njuskalo.hr/agencija/niteo-nekretnine,,Not Contacted,
EVERIS Reale Estate,,+385915954045,,,,39,false,https://www.njuskalo.hr/agencija/everis-certuminvest,,Not Contacted,
BOILNEKRETNINE,,+385913326190,+385912066770,,,5,false,https://www.njuskalo.hr/agencija/boil-nekretnine,,Not Contacted,"Svi telefoni: +385913326190, +385912066770"
QUART Nekretnine,,+38598374977,,,,18,false,https://www.njuskalo.hr/agencija/quart-nekretnine,,Not Contacted,
Lika nekretnine d.o.o.,,+385953563000,,,,155,false,https://www.njuskalo.hr/agencija/lika-nekretnine,,Not Contacted,
Šimić Dom,,+385989813748,+385981950512,,,545,false,https://www.njuskalo.hr/agencija/simic-dom,,Not Contacted,"Svi telefoni: +385989813748, +385981950512, +385995353827"
MaRiva real estate,,+385958893999,,,,34,false,https://www.njuskalo.hr/agencija/mariva-realestate,,Not Contacted,
Split nekretnine d.o.o.,,+38598287581,+38598472989,,,54,false,https://www.njuskalo.hr/agencija/splitnekretninedoo,,Not Contacted,"Svi telefoni: +38598287581, +38598472989, +38598250886"
Stanoinvest,,+385953957860,,,,575,false,https://www.njuskalo.hr/agencija/stano-invest,,Not Contacted,
IstriaHome nekretnine,,+385915913793,,,,26,false,https://www.njuskalo.hr/agencija/istria-home-nekretnine,,Not Contacted,
ROSATO CONCEPT d.o.o.,,+385918887723,,,,21,false,https://www.njuskalo.hr/agencija/rosato-concept,,Not Contacted,
Erceg Immobilia d.o.o.,,+385989044927,+385981368081,,,49,false,https://www.njuskalo.hr/agencija/ercegimmobilia-agencija,,Not Contacted,"Svi telefoni: +385989044927, +385981368081"
Terram2021,,+385994361600,+385911505505,,,438,false,https://www.njuskalo.hr/agencija/terram2021,,Not Contacted,"Svi telefoni: +385994361600, +385911505505"
MURI Nekretnine,,+385992059616,,,,156,false,https://www.njuskalo.hr/agencija/muri-realestate,,Not Contacted,
ARHITEKTURA DOXAT D.O.O.,,+385955137937,,,,0,false,https://www.njuskalo.hr/agencija/arhitektura-doxat,,Not Contacted,
Leones Real Estate d.o.o.,,+385992842871,,,,156,false,https://www.njuskalo.hr/agencija/leones,,Not Contacted,
MD biro d.o.o.,,+38598326179,,,,42,false,https://www.njuskalo.hr/agencija/md-biro,,Not Contacted,
GORICA-NEKRETNINE Agencija za promet nekretninama,,+385995550106,+385995550110,,,97,false,https://www.njuskalo.hr/agencija/gorica-nekretnine,,Not Contacted,"Svi telefoni: +385995550106, +385995550110, +385915351146"
WENS Nekretnine,,+385913903175,,,,8,false,https://www.njuskalo.hr/agencija/wens-nekretnine,,Not Contacted,
LONDON NEKRETNINE,,+385919083445,+385919537420,,,189,false,https://www.njuskalo.hr/agencija/london-nekretnine,,Not Contacted,"Svi telefoni: +385919083445, +385919537420"
MARKO POLO nekretnine,,+385995204902,+385951151111,,,77,false,https://www.njuskalo.hr/agencija/marko-polo-nekretnine,,Not Contacted,"Svi telefoni: +385995204902, +385951151111, +385952777177"
ZAGREB MAX nekretnine,,+38598607432,,,,86,false,https://www.njuskalo.hr/agencija/zagreb-max-nekretnine,,Not Contacted,
PAPRIKA,,+385953683848,,,,30,false,https://www.njuskalo.hr/agencija/paprika-realestate,,Not Contacted,
Hedonist nekretnine,,+385922215800,,,,68,false,https://www.njuskalo.hr/agencija/hedonist-nekretnine,,Not Contacted,
Dalmacija Nekretnine,,+385915140542,,,,2,false,https://www.njuskalo.hr/agencija/dalmatiaproperty,,Not Contacted,
TONKA NEKRETNINE j.d.o.o.,,+385919373450,,,,10,false,https://www.njuskalo.hr/agencija/tonka-nekretnine,,Not Contacted,
RE/MAX City 2 Samobor,,+385912789999,+385981966835,,,136,false,https://www.njuskalo.hr/agencija/remax-city2,,Not Contacted,"Svi telefoni: +385912789999, +385981966835"
PRIME REAL ESTATE,,+385916399498,,,,139,false,https://www.njuskalo.hr/agencija/iskara345,,Not Contacted,
HOSMAN NEKRETNINE d.o.o.,,+385958717039,,,,122,false,https://www.njuskalo.hr/agencija/hosman-nek,,Not Contacted,
Premium nekretnine,,+385915474709,,,,256,false,https://www.njuskalo.hr/agencija/premium-nekretnine-malinska,,Not Contacted,
Nekretnine Vrhovec,,+385951996617,+385915059592,,,84,false,https://www.njuskalo.hr/agencija/vrhovec-nekretnine,,Not Contacted,"Svi telefoni: +385951996617, +385915059592"
RebeccaRealEstate,,+385993921442,+385993921471,,,5,false,https://www.njuskalo.hr/agencija/rebeccarealestates,,Not Contacted,"Svi telefoni: +385993921442, +385993921471"
Qubo Villas Nekretnine,,+385977501918,,,,100,false,https://www.njuskalo.hr/agencija/qubo-nekretnine,,Not Contacted,
"Agencija Mali Svijet - Stanovi, kuće, nekretnine Križevci, Zagreb i okolica",,+385911226677,+38591226677,,,97,false,https://www.njuskalo.hr/agencija/mali-svijet-nekretnine,,Not Contacted,"Svi telefoni: +385911226677, +38591226677"
Panorama Homes,,+385912221114,,,,125,false,https://www.njuskalo.hr/agencija/panorama-homes,,Not Contacted,
Preferenca Nekretnine,,+385958054460,+385989230960,,,134,false,https://www.njuskalo.hr/agencija/preferenca,,Not Contacted,"Svi telefoni: +385958054460, +385989230960"
LOFT Nekretnine,,+385916033468,+385914830988,,,50,false,https://www.njuskalo.hr/agencija/loft-nekretnine,,Not Contacted,"Svi telefoni: +385916033468, +385914830988"
Resident Nekretnine,,+385917900020,,,,40,false,https://www.njuskalo.hr/agencija/resident-nekretnine,,Not Contacted,
Millennium Nekretnine Exclusive,,+385913223760,+385994139676,,,922,false,https://www.njuskalo.hr/agencija/millennium-exclusive,,Not Contacted,"Svi telefoni: +385913223760, +385994139676, +385915859581, +385914858702, +385912050962, +385915204616, +385953603960, +385913269333, +385914030202, +385912011041"
starsrealestate,,+385993025012,+385993025016,,,282,false,https://www.njuskalo.hr/agencija/starsrealestate,,Not Contacted,"Svi telefoni: +385993025012, +385993025016, +385993025010, +385993025014, +385993025015, +385993025011"
FORUM NEKRETNINE d.o.o.,,+38598429110,,,,20,false,https://www.njuskalo.hr/agencija/forum-nekretnine,,Not Contacted,
DOMUS NEKRETNINE d.o.o.,,+385955878860,,,,373,false,https://www.njuskalo.hr/agencija/domus1,,Not Contacted,
TRGO-INVEST Nekretnine,,+385914457777,+38598340484,,,195,false,https://www.njuskalo.hr/agencija/trgo-invest-nekretnine,,Not Contacted,"Svi telefoni: +385914457777, +38598340484, +385958939386"
Labras nekretnine,,+385989196868,+38598272720,,,154,false,https://www.njuskalo.hr/agencija/labras-nekretnine-zadar,,Not Contacted,"Svi telefoni: +385989196868, +38598272720"
Pontera nekretnine,,+38598443289,+385914034801,,,1890,false,https://www.njuskalo.hr/agencija/ponteraproperties,,Not Contacted,"Svi telefoni: +38598443289, +385914034801, +385995705551, +385955161641, +38598297277, +385922333667, +385916281888, +385916412892, +385912541593, +385911550026"
Palace Real Estate,,+385911858500,,,,2787,false,https://www.njuskalo.hr/agencija/agencija-palace,,Not Contacted,
NV Adria Condos d.o.o.,,,,sales@kvarner-bay.hr,Masarykova ulica 3 10000 - Zagreb,6,false,https://www.nekretnine.hr/agencije-nekretnina/97065/,https://movenpickresidenceskvarnerbay.com/,Not Contacted,
Nanette nekretnine d.o.o.,,,,,Maksimirska cesta 48 10123 - Zagreb,6,false,https://www.nekretnine.hr/agencije-nekretnina/97349/,,Not Contacted,
Rivalitas d.o.o.,,,,info@rivalitas.hr,mailto:info@rivalitas.hr 11 10000 - Zagreb,0,false,https://www.nekretnine.hr/agencije-nekretnina/94539/,http://www.rivalitas.hr,Not Contacted,
WAU Reality s.r.o,,,,,Ulica grada Vukovara 284 10135 - Zagreb,1,false,https://www.nekretnine.hr/agencije-nekretnina/97041/,,Not Contacted,
BEST RESIDENCE,,,,,Draganička grana 8 10110 - Zagreb,1,false,https://www.nekretnine.hr/agencije-nekretnina/96961/,,Not Contacted,
ITD Nepremičnine,,,,,Gruška ulica 2 10000 - Zagreb,13,false,https://www.nekretnine.hr/agencije-nekretnina/97073/,,Not Contacted,
Baza agencija d.o.o.,,,,,Ulica grada Vukovara 284 10135 - Zagreb,0,false,https://www.nekretnine.hr/agencije-nekretnina/96829/,,Not Contacted,
Procuratore d.o.o.,,,,,Ulica Junija Palmotića 4 10000 - Zagreb,9,false,https://www.nekretnine.hr/agencije-nekretnina/97117/,,Not Contacted,
INFINIS PROPERTIES,,,,,Ilica 33 10000 - Zagreb,0,false,https://www.nekretnine.hr/agencije-nekretnina/97149/,,Not Contacted,
PAPIRUS NEKRETNINE I USLUGE d.o.o.,,,,info@papirus-nekretnine.hr,"Horvaćanska 142, Zagreb 142 10000 - Zagreb",6,false,https://www.nekretnine.hr/agencije-nekretnina/93995/,http://www.papirus-nekretnine.hr,Not Contacted,
POMAhr,,,,info@poma.hr,"Vrbik 33D, Vrbik 10000 33D 10000 - Zagreb",7,false,https://www.nekretnine.hr/agencije-nekretnina/96415/,https://poma.hr/,Not Contacted,
Lurimax,,,,,"Borje, 2 2 10172 - Zagreb",19,false,https://www.nekretnine.hr/agencije-nekretnina/95269/,,Not Contacted,
GOLDEN NEKRETNINE,,,,info@golden-nekretnine.hr,"Ulica fra Grge Martića, 67, Zagreb Hrvatska, 10000 67 10000 - Zagreb",13,false,https://www.nekretnine.hr/agencije-nekretnina/95913/,https://www.golden-nekretnine.hr,Not Contacted,
Stan Arka,,,,,Ulica Pere Budmanija 5 10000 - Zagreb,0,false,https://www.nekretnine.hr/agencije-nekretnina/95771/,,Not Contacted,
Projekt 92 d.o.o.,,,,,Ulica kneza Ljudevita Posavskog 37 10000 - Zagreb,16,false,https://www.nekretnine.hr/agencije-nekretnina/95531/,,Not Contacted,
Stator d.o.o.,,,,info@stator.com.hr,Ulica Frane Petrića 5 10000 - Zagreb,18,false,https://www.nekretnine.hr/agencije-nekretnina/94915/,http://www.stator.com.hr,Not Contacted,
Anino project,,,,,Vinogradska cesta 27 10000 - Zagreb,210,false,https://www.nekretnine.hr/agencije-nekretnina/96561/,,Not Contacted,
108 Real Estate Advisory Adria,,,,dario.tomljenovic@108realestate.hr,Savska cesta 32 10110 - Zagreb,21,false,https://www.nekretnine.hr/agencije-nekretnina/96427/,https://www.warehouser.hr/,Not Contacted,
Agencija,,,,,Zagreb,0,false,https://www.nekretnine.hr/agencije-nekretnina/94143/,,Not Contacted,
IMMOWELT,,,,info@immowelt.hr,"Vlaška 133, Zagreb 133 10000 - Zagreb",7,false,https://www.nekretnine.hr/agencije-nekretnina/94715/,http://www.immowelt.hr/,Not Contacted,
Imadora d.o.o.,,,,,Čileanska ulica 7 10000 - Zagreb,3,false,https://www.nekretnine.hr/agencije-nekretnina/96763/,https://imadora.hr,Not Contacted,
NEST,,,,info@nest.hr,"Ulica grada Vukovara 20 ,  Zagreb, 10110 20 10110 - Zagreb",9,false,https://www.nekretnine.hr/agencije-nekretnina/95379/,https://nest.hr/,Not Contacted,
ADE Studio d.o.o.,,,,sara@adestudio.hr,Ulica Žarka Dolinara 2 10000 - Zagreb,1,false,https://www.nekretnine.hr/agencije-nekretnina/95545/,https://adestudionekretnine.com/,Not Contacted,
Pavlović nekretnine,,,,,"Ulica kralja Stjepana Tvrtka, 4, Zagreb Hrvatska, 10000 4 10000 - Zagreb",3,false,https://www.nekretnine.hr/agencije-nekretnina/95743/,https://pavlovic-nekretnine.hr/,Not Contacted,
Get nekretnine,,,,,Ulica kneza Ljudevita Posavskog 5 10360 - Zagreb,5,false,https://www.nekretnine.hr/agencije-nekretnina/93553/,https://www.get-nekretnine.hr/,Not Contacted,
tectonic+,,,,info@tectonic.hr,Trnjanska cesta 73 10000 - Zagreb,9,false,https://www.nekretnine.hr/agencije-nekretnina/96371/,https://www.tectonic.hr/,Not Contacted,
Sotto In Su nekretnine,,,,info@sottoinsu.hr,"Ulica kralja Zvonimira, 33, Zagreb Hrvatska, 10000 33 10000 - Zagreb",11,false,https://www.nekretnine.hr/agencije-nekretnina/96301/,https://www.sottoinsu.hr/naslovnica,Not Contacted,
TERRA - X d.o.o.,,,,info@terra-x.hr,Livanjska 18A 18A 10104 - Zagreb,13,false,https://www.nekretnine.hr/agencije-nekretnina/94459/,http://www.terra-x.hr,Not Contacted,
Zagreb West Real Estate Agency,,,,info@zagrebwest.hr,"Ulica Bogoslava Suleka 11 ,  Zagreb, 10000 11 10000 - Zagreb",0,false,https://www.nekretnine.hr/agencije-nekretnina/95353/,https://www.zagrebwest.hr/,Not Contacted,
Herceg Immobilien,,,,,Ulica grada Vukovara 284 10000 - Zagreb,0,false,https://www.nekretnine.hr/agencije-nekretnina/95883/,https://hercegimmobilien.de/,Not Contacted,
PRO VILA,,,,provila100@gmail.com,"Nova cesta 188, Knežija 10110 188 10110 - Zagreb",4,false,https://www.nekretnine.hr/agencije-nekretnina/95675/,https://www.provila-hr.com/,Not Contacted,
Remedis Nekretnine,,,,,Donje Svetice 32 10135 - Zagreb,17,false,https://www.nekretnine.hr/agencije-nekretnina/97293/,,Not Contacted,
Confiance doo,,,,,Selska cesta 23 10360 - Zagreb,28,false,https://www.nekretnine.hr/agencije-nekretnina/97159/,,Not Contacted,
PE DINIRA,,,,,Ulica grada Vukovara 271 10000 - Zagreb,4,false,https://www.nekretnine.hr/agencije-nekretnina/96005/,,Not Contacted,
INTERKLASIK j.d.o.o.,,,,info@interlasik.hr,Froudeova ulica 7 10020 - Zagreb,19,false,https://www.nekretnine.hr/agencije-nekretnina/93537/,http://www.interklasik.hr/hr/,Not Contacted,
RESTATE nepremičnine s.p.,,,,,Ulica grada Vukovara 284d 10135 - Zagreb,47,false,https://www.nekretnine.hr/agencije-nekretnina/96431/,https://www.restate.si/hr/,Not Contacted,
Khalas nekretnine,,,,,Ilica 277 10000 - Zagreb,0,false,https://www.nekretnine.hr/agencije-nekretnina/96141/,,Not Contacted,
REALIS CENTAR NEKRETNINA d.o.o.,,,,info@realiscentar.hr,"Ribnjak 1 ,  Zagreb, 10000 1 10000 - Zagreb",10,false,https://www.nekretnine.hr/agencije-nekretnina/95295/,http://www.realiscentar.hr,Not Contacted,
SPIRIT nekretnine,,,,,Cebini 29 10010 - Zagreb,18,false,https://www.nekretnine.hr/agencije-nekretnina/96847/,https://www.facebook.com/spirit.nekretnine,Not Contacted,
Sting,,,,,Srednjaci 19 10110 - Zagreb,4,false,https://www.nekretnine.hr/agencije-nekretnina/95647/,,Not Contacted,
Geo Grupa d.o.o.,,,,,"Savska cesta 144A/1, Knežija 10110 144A/1 10000 - Zagreb",27,false,https://www.nekretnine.hr/agencije-nekretnina/94059/,https://geo-grupa.hr/hr,Not Contacted,
AMG Real Estate,,,,,Kostanjevec 4E 10000 - Zagreb,4,false,https://www.nekretnine.hr/agencije-nekretnina/96857/,https://amg-nekretnine.hr/,Not Contacted,
Loreta usluge d.o.o.,,,,,"Zagrebačka avenija, 100A, Zagreb Hrvatska, 10090 100a 10090 - Zagreb",108,false,https://www.nekretnine.hr/agencije-nekretnina/94293/,https://loreta-nekretnine.com/,Not Contacted,
United real estate,,,,,"Zapoljska ulica, 18, Zagreb Hrvatska, 10135 18 10135 - Zagreb",28,false,https://www.nekretnine.hr/agencije-nekretnina/96297/,https://united-nekretnine.hr/,Not Contacted,
Prestige Nekretnine d.o.o.,,,,,Andrije Žaje 49 49 10110 - Zagreb,38,false,https://www.nekretnine.hr/agencije-nekretnina/94977/,http://www.prestige-nekretnine.hr,Not Contacted,
Rapidom nekretnine,,,,marko@rapidom-nekretnine.hr,"Koprivnička ulica, 48 48 10110 - Zagreb",92,false,https://www.nekretnine.hr/agencije-nekretnina/93963/,http://www.rapidom-nekretnine.hr,Not Contacted,
For Five,,,,,Sjeničarska ulica 23 10000 - Zagreb,16,false,https://www.nekretnine.hr/agencije-nekretnina/94497/,https://www.nekretninefor5.com,Not Contacted,
Regus,,,,,Slavonska avenija 1C 10000 - Zagreb,30,false,https://www.nekretnine.hr/agencije-nekretnina/94799/,,Not Contacted,
Aerolit,,,,,Grobnička ulica 3 10110 - Zagreb,15,false,https://www.nekretnine.hr/agencije-nekretnina/94515/,http://www.aerolit.hr,Not Contacted,
PER TU,,,,info@per-tu.hr,"Mikulići 142D ,  Zagreb, 10000 142D 10163 - Zagreb",21,false,https://www.nekretnine.hr/agencije-nekretnina/94473/,http://www.per-tu.hr,Not Contacted,
"AGENTA, vl. Josip Kukić",,,,,Ulica Nikole Jurišića 19/1 10000 - Zagreb,40,false,https://www.nekretnine.hr/agencije-nekretnina/97011/,https://agentarealty.hr,Not Contacted,
NEKRETNINE GREEN,,,,,"Avenija Dubrovnik, 10, Zagreb Hrvatska, 10020 1 10010 - Zagreb",22,false,https://www.nekretnine.hr/agencije-nekretnina/95213/,https://nekretnine-green.hr/,Not Contacted,
ASTERA nekretnine,,,,,"Petrinjska ulica, 2, Zagreb Hrvatska, 10000 2 10000 - Zagreb",26,false,https://www.nekretnine.hr/agencije-nekretnina/95817/,https://astera-nekretnine.com/,Not Contacted,
Agram Gold,,,,,Ulica Križnog puta 3 10040 - Zagreb,10,false,https://www.nekretnine.hr/agencije-nekretnina/96865/,,Not Contacted,
Tomasso nekretnine,,,,,Vrhovec 113 10000 - Zagreb,12,false,https://www.nekretnine.hr/agencije-nekretnina/96879/,,Not Contacted,
Vita Real Estate,,,,,Ulica Kozarčeve Tene 26 10020 - Zagreb,28,false,https://www.nekretnine.hr/agencije-nekretnina/97177/,https://vitarealestate.hr/,Not Contacted,
Real Estate Croatia d.o.o.,,,,info@realestate-croatia.hr,Petrova ulica 117 10000 - Zagreb,128,false,https://www.nekretnine.hr/agencije-nekretnina/94721/,https://realestate-croatia.hr/,Not Contacted,
Estera ulaganja d.o.o.,,,,gordan@estera-nekretnine.com,Nemčićeva 10 10 10000 - Zagreb,289,false,https://www.nekretnine.hr/agencije-nekretnina/95041/,http://www.estera-nekretnine.com,Not Contacted,
Belfort nekretnine,,,,,Ožujska ulica 8 10104 - Zagreb,11,false,https://www.nekretnine.hr/agencije-nekretnina/97105/,,Not Contacted,
Smartkey d.o.o.,,,,,Sunjska ulica 9 10020 - Zagreb,45,false,https://www.nekretnine.hr/agencije-nekretnina/95169/,https://smartkey.hr/,Not Contacted,
Diverso Domus d.o.o.,,,,,Malešnica 27 10090 - Zagreb,121,false,https://www.nekretnine.hr/agencije-nekretnina/95843/,,Not Contacted,
Nekretnine - Sve prodano d.o.o.,,,,nekretnine-sveprodano@zg.htnet.hr,"Međimurska ulica, 21 21 10163 - Zagreb",18,false,https://www.nekretnine.hr/agencije-nekretnina/94601/,http://www.nekretnine-sveprodano.hr/,Not Contacted,
Bašić Nekretnine,,,,info@nekretnine-basic.hr,Ulica Nikole Mašića 5 10000 - Zagreb,14,false,https://www.nekretnine.hr/agencije-nekretnina/94331/,http://www.nekretnine-basic.hr,Not Contacted,
Stav Nekretnine,,,,,Savska cesta 41 10000 - Zagreb,30,false,https://www.nekretnine.hr/agencije-nekretnina/95695/,https://www.stavnekretnine.hr/,Not Contacted,
San Patrik nekretnine,,,,info@sanpatrik.eu,"Radnicka cesta, 52, Zagreb Hrvatska, 10000 52 10000 - Zagreb",175,false,https://www.nekretnine.hr/agencije-nekretnina/95083/,http://www.sanpatrik.eu,Not Contacted,
BRAZDE real estate,,,,info@brazde.hr,"Kamenarka, 12 12 10010 - Zagreb",31,false,https://www.nekretnine.hr/agencije-nekretnina/94131/,http://www.brazde.hr,Not Contacted,
Forrent d.o.o.,,,,,Ulica Pavla Hatza 5 10000 - Zagreb,23,false,https://www.nekretnine.hr/agencije-nekretnina/95921/,https://forrent.hr/,Not Contacted,
AZORI PLUS,,,,info@azori-plus.hr,"Trg Antuna Mihanovića 2, Sesvete, Zagreb 2 10360 - Zagreb",20,false,https://www.nekretnine.hr/agencije-nekretnina/94107/,http://www.azori-plus.hr,Not Contacted,
Mano nekretnine,,,,info@manonekretnine.hr,"Donje Svetice, 127, Zagreb Hrvatska, 10135 9 10040 - Zagreb",22,false,https://www.nekretnine.hr/agencije-nekretnina/95979/,https://manonekretnine.hr/,Not Contacted,
UNOS,,,,,Medulićeva ulica A2 10000 - Zagreb,18,false,https://www.nekretnine.hr/agencije-nekretnina/94985/,,Not Contacted,
Adriatic Property Services,,,,info@adriaticpropertyservices.com,"Petrinjska 26, 10 000 Zagreb 26 10000 - Zagreb",29,false,https://www.nekretnine.hr/agencije-nekretnina/93531/,http://www.apscroatia.com/,Not Contacted,
ViA Nekretnine,,,,,"Ulica Nikole Jurišića, 19, Zagreb Hrvatska, 10000 3G/2 10020 - Zagreb",384,false,https://www.nekretnine.hr/agencije-nekretnina/95831/,https://c21.hr/c21-agencije/p/century-21-via-nekretnine.html#search,Not Contacted,
Spektra Nekretnine,,,,info@spektra.hr,Unska ulica 2B 10000 - Zagreb,31,false,https://www.nekretnine.hr/agencije-nekretnina/96517/,https://spektra.hr/,Not Contacted,
Hermes nekretnine,,,,,"Cvjetno naselje IV., 7, Zagreb Hrvatska, 10000 45 10000 - Zagreb",60,false,https://www.nekretnine.hr/agencije-nekretnina/95787/,https://hermes-nekretnine.hr/hr/home,Not Contacted,
Prodom Trade,,,,prodom.trade@gmail.com,Remete 44E 10163 - Zagreb,32,false,https://www.nekretnine.hr/agencije-nekretnina/94423/,http://www.prodom-trade.hr,Not Contacted,
IMPERO TERRA,,,,,Ulica Pavla Hatza 5 5 10000 - Zagreb,19,false,https://www.nekretnine.hr/agencije-nekretnina/93501/,http://www.impero.hr,Not Contacted,
Ocelot nekretnine,,,,,"Mlinovi, Zagreb, 50 10000 - Zagreb",33,false,https://www.nekretnine.hr/agencije-nekretnina/95455/,https://ocelot-nekretnine.hr/,Not Contacted,
GAZDAR d.o.o.,,,,,"Mlinovi, 154E 154E 10163 - Zagreb",22,false,https://www.nekretnine.hr/agencije-nekretnina/93485/,http://gazdar.hr/,Not Contacted,
TELENERG - NEKRETNINE d.o.o.,,,,,Trg Josipa Jurja Strossmayera 6 10000 - Zagreb,174,false,https://www.nekretnine.hr/agencije-nekretnina/95453/,https://telenerg-nekretnine.hr/,Not Contacted,
VALIDUS NEKRETNINE d.o.o.,,,,,"Ulica Dobriše Cesarića, 71 71 10147 - Zagreb",21,false,https://www.nekretnine.hr/agencije-nekretnina/96065/,,Not Contacted,
Futura Premium Estate d.o.o.,,,,goran@futura-premium.hr,Gornji Bukovac 107 10000 - Zagreb,14,false,https://www.nekretnine.hr/agencije-nekretnina/97087/,https://futura-premium.hr,Not Contacted,
Aktual nekretnine,,,,info@aktualnekretnine.hr,"Hrgovići 36, Jarun 10110 1 10109 - Zagreb",22,false,https://www.nekretnine.hr/agencije-nekretnina/93989/,http://www.aktualnekretnine.hr,Not Contacted,
Tom solutions d.o.o.,,,,,Junkovićev put 5 10090 - Zagreb,43,false,https://www.nekretnine.hr/agencije-nekretnina/96723/,,Not Contacted,
Regent,,,,info@regent.hr,"Nova ves, 17, Zagreb Croatia, 10000 17 10000 - Zagreb",1227,false,https://www.nekretnine.hr/agencije-nekretnina/96209/,https://regent.hr/,Not Contacted,
Eurohome nekretnine d.o.o.,,,,,Vlaška ulica 64 10000 - Zagreb,775,false,https://www.nekretnine.hr/agencije-nekretnina/95219/,https://eurohome-nekretnine.hr/,Not Contacted,
DOM EKSPERT d.o.o.,,,,info@domekspert.hr,"Varaždinska cesta, 111, Zagreb Hrvatska, 10360 111 10360 - Zagreb",344,false,https://www.nekretnine.hr/agencije-nekretnina/95619/,https://domekspert.hr/,Not Contacted,
RED,,,,info@rednekretnine.com,"Ulica Baltazara Bogišića, 1 1 10000 - Zagreb",497,false,https://www.nekretnine.hr/agencije-nekretnina/95845/,https://rednekretnine.com/,Not Contacted,
Martis real estate agency,,,,martis@martis-nekretnine.hr,Teslina 14/1 Zagreb 14/1 10000 - Zagreb,69,false,https://www.nekretnine.hr/agencije-nekretnina/95063/,http://www.martis-nekretnine.hr,Not Contacted,
Angelus Real Estate,,,,info@angelusnekretnine.hr,"Ulica Petra Preradovića, 18 18 10000 - Zagreb",479,false,https://www.nekretnine.hr/agencije-nekretnina/94009/,http://www.angelusnekretnine.hr,Not Contacted,
Homes and Lands nekretnine,,,,info@homesandlands.eu,Ulica Dominika Andrijaševića 15 10040 - Zagreb,53,false,https://www.nekretnine.hr/agencije-nekretnina/95645/,https://homesandlands.eu/,Not Contacted,
Franklin nekretnine,,,,,Trakošćanska 17 17 10110 - Zagreb,60,false,https://www.nekretnine.hr/agencije-nekretnina/95099/,https://franklin.hr/,Not Contacted,
Zavas nekretnine,,,,,Gotalovečka ulica 8 10110 - Zagreb,167,false,https://www.nekretnine.hr/agencije-nekretnina/95897/,,Not Contacted,
Euro-interijeri,,,,kontakt@euro-interijeri.hr,Ulica Ante Topića Mimare 3A 10090 - Zagreb,74,false,https://www.nekretnine.hr/agencije-nekretnina/94077/,http://www.euro-interijeri.hr,Not Contacted,
Marlimat real estate,,,,,Kneza Branimira 47 47 10000 - Zagreb,324,false,https://www.nekretnine.hr/agencije-nekretnina/94127/,http://www.marlimat.hr,Not Contacted,
Moj dom nekretnine d.o.o.,,,,info@mojdom-nekretnine.hr,"Srebrnjak 19, Zagreb 19 10000 - Zagreb",71,false,https://www.nekretnine.hr/agencije-nekretnina/94357/,http://www.mojdom-nekretnine.hr/,Not Contacted,
Home Finder d.o.o.,,,,info@homefinder.hr,"Samoborska cesta, 251, Zagreb Hrvatska, 10090 251 10090 - Zagreb",533,false,https://www.nekretnine.hr/agencije-nekretnina/96529/,https://homefinder.hr/,Not Contacted,
Basilica nekretnine d.o.o.,,,,basilica@basilica.hr,"Mladena Fiolića 59, 10000 69 10000 - Zagreb",118,false,https://www.nekretnine.hr/agencije-nekretnina/94007/,https://www.basilica.hr,Not Contacted,
ROOTS Real Estate,,,,roots@roots.hr,Pantovčak 7 10000 - Zagreb,185,false,https://www.nekretnine.hr/agencije-nekretnina/97043/,https://roots.hr,Not Contacted,
Kvadar real estate and consulting,,,,info@kvadar-nekretnine.hr,Poljana Zdenka Mikine 1 10000 - Zagreb,321,false,https://www.nekretnine.hr/agencije-nekretnina/93905/,http://kvadar-nekretnine.hr,Not Contacted,
KALS nekretnine,,,,,"Ulica kralja Zvonimira, 73, Zagreb Hrvatska, 10000 73 10000 - Zagreb",107,false,https://www.nekretnine.hr/agencije-nekretnina/95795/,https://kals-nekretnine.hr,Not Contacted,
http://NEKRETNINA.HR,,,,info@nekretnina.hr,Ulica kralja Zvonimira 52 10000 - Zagreb,66,false,https://www.nekretnine.hr/agencije-nekretnina/93697/,http://www.nekretnina.hr/,Not Contacted,
Kastel-Zagreb d.o.o.,,,,kastel@kastel.hr,"Ulica Ivana Gundulića, 56 56 10000 - Zagreb",79,false,https://www.nekretnine.hr/agencije-nekretnina/95191/,https://www.kastel-zagreb.hr/,Not Contacted,
Libela,,,,info@libela.hr,"Ulica kralja Zvonimira, 20, Zagreb Hrvatska, 10000 20 10000 - Zagreb",171,false,https://www.nekretnine.hr/agencije-nekretnina/95711/,https://libela.hr/,Not Contacted,
K2 NEKRETNINE,,,,,Ulica Lavoslava Ružićke 42 10000 - Zagreb,145,false,https://www.nekretnine.hr/agencije-nekretnina/95279/,https://k2nekretnine.com/,Not Contacted,
TOP-SHOP agencija za promet nekretnine,,,,,"Ulica Vladimira Nazora 1, Tuškanac 10000 1 10000 - Zagreb",300,false,https://www.nekretnine.hr/agencije-nekretnina/95393/,http://www.top-shop.hr,Not Contacted,
SKY NEKRETNINE,,,,,Radnička cesta 39 10000 - Zagreb,304,false,https://www.nekretnine.hr/agencije-nekretnina/94511/,http://www.skynekretnine.hr/,Not Contacted,
Best Croatian Properties,,,,office@bestcroatianproperties.com,Savska cesta 41 Zagreb 41 10000 - Zagreb,472,false,https://www.nekretnine.hr/agencije-nekretnina/94891/,http://www.bestcroatianproperties.com,Not Contacted,
Opereta,,,,office@opereta.hr,"Ulica grada Vukovara 20 ,  Zagreb, 10110 20 10110 - Zagreb",2625,false,https://www.nekretnine.hr/agencije-nekretnina/94467/,https://www.opereta.hr,Not Contacted,
Metropola d.o.o.,,,,info@metropola.hr,Preradovićeva 20 13 10000 - Zagreb,223,false,https://www.nekretnine.hr/agencije-nekretnina/94041/,http://metropola.hr/,Not Contacted,
Agathias,,,,,"Zavrtnica, 17, Zagreb Hrvatska, 10000 17 10000 - Zagreb",86,false,https://www.nekretnine.hr/agencije-nekretnina/95611/,https://www.agathias.hr/,Not Contacted,
Mirjana Mikulec Real Estate,,,,,Radnička 37A 37A 10000 - Zagreb,90,false,https://www.nekretnine.hr/agencije-nekretnina/95097/,http://www.nekretnine.mirjanamikulec.hr,Not Contacted,
Timax Real Estate,,,,,Savski gaj II. put 5 10000 - Zagreb,177,false,https://www.nekretnine.hr/agencije-nekretnina/94945/,https://www.timax.hr,Not Contacted,
Parthenon Nekretnine,,,,office@parthenon-nekretnine.hr,"Ulica Dobriše Cesarića, 7, Zagreb Hrvatska, 10090 7 10090 - Zagreb",97,false,https://www.nekretnine.hr/agencije-nekretnina/95589/,https://parthenon-nekretnine.hr/,Not Contacted,
Luva Real Estate,,,,,"Iločka ulica, 1, Zagreb Hrvatska, 10110 1 10110 - Zagreb",541,false,https://www.nekretnine.hr/agencije-nekretnina/96413/,https://www.luvarealestates.com/,Not Contacted,
Europa projekt d.o.o.,,,,info@europaprojekt.hr,"Ulica Brune Bušića, 34, Zagreb Hrvatska, 10020 34 10020 - Zagreb",111,false,https://www.nekretnine.hr/agencije-nekretnina/95579/,http://epnekretnine.hr,Not Contacted,
Clarus - Vlatka Nekretnine,,,,vlatka.ljubenko@gmail.com,Ulica kneza Branimira 29 10000 - Zagreb,88,false,https://www.nekretnine.hr/agencije-nekretnina/95505/,http://www.vlatka-nekretnine.com,Not Contacted,
ROEL,,,,,"Ulica Frana Bošnjakovića, 6, Zagreb Hrvatska, 10000, 6 6 10000 - Zagreb",370,false,https://www.nekretnine.hr/agencije-nekretnina/95529/,https://roel.com.hr,Not Contacted,
MEDIAR REAL ESTATE,,,,info@mediar-nekretnine.hr,Tratinska 26 6 10000 - Zagreb,31,false,https://www.nekretnine.hr/agencije-nekretnina/94645/,http://www.mediar-nekretnine.hr,Not Contacted,
PRIMA NEKRETNINE GRUPA,,,,,"Ilica 129 Zagreb, 10000 7 10163 - Zagreb",446,false,https://www.nekretnine.hr/agencije-nekretnina/94091/,https://prima-nekretnine.hr/,Not Contacted,
Ziher partner,,,,,"Ulica Ivana Kukuljevića Sakcinskog, 36 36 10000 - Zagreb",111,false,https://www.nekretnine.hr/agencije-nekretnina/96333/,,Not Contacted,
AZ nekretnine,,,,,"Donja Pačetina, 58, Sveti Križ Začretje Hrvatska, 49223 6 10110 - Zagreb",83,false,https://www.nekretnine.hr/agencije-nekretnina/95885/,,Not Contacted,
Eurovilla,,,,eurovilla@eurovilla.hr,Gajeva ulica 15 10000 - Zagreb,6895,false,https://www.nekretnine.hr/agencije-nekretnina/94453/,http://www.eurovilla.hr,Not Contacted,
